"","estimate","std.err"
"1",-0.0749014024729008,0.0510926206094818
"2",-0.023232018934185,0.0520926106578335
"3",0.0066573079074344,0.0517570589917328
"4",0.131723362756598,0.0570727685566787
